SALE TYPE,SOLD DATE,PROPERTY TYPE,ADDRESS,CITY,STATE OR PROVINCE,ZIP OR POSTAL CODE,PRICE,BEDS,BATHS,LOCATION,SQUARE FEET,LOT SIZE,YEAR BUILT,DAYS ON MARKET,$/SQUARE FEET,HOA/MONTH,STATUS,NEXT OPEN HOUSE START TIME,NEXT OPEN HOUSE END TIME,URL (SEE https://www.redfin.com/buy-a-home/comparative-market-analysis FOR INFO ON PRICING),SOURCE,MLS#,FAVORITE,INTERESTED,LATITUDE,LONGITUDE
MLS Listing,,Condo/Co-op,10875 SW 112th Ave #316,Miami,FL,33176,215000,2,2.0,GARDENS OF KENDALL SO CON,983,,1981,1,219,331,Active,,,https://www.redfin.com/FL/Miami/10875-SW-112th-Ave-33176/unit-316/home/43154632,MARMLS,A11164429,N,Y,25.6667544,-80.3755664
MLS Listing,,Condo/Co-op,7034 SW 114th Pl Unit E51,Miami,FL,33173,369999,3,2.0,SNAPPER VILLAGE PH 2 SEC,1470,,1979,1,252,,Active,,,https://www.redfin.com/FL/Miami/7034-SW-114th-Pl-33173/unit-E51/home/43097200,MARMLS,A11164547,N,Y,25.7025698,-80.3783092
MLS Listing,,Condo/Co-op,7280 SW 90th St Unit E-303,Miami,FL,33156,341100,2,2.0,DOWNTOWN DADELAND CONDO N,983,,2008,1,347,755,Active,,,https://www.redfin.com/FL/Miami/7280-SW-90th-St-33156/unit-E303/home/45427243,MARMLS,A11164109,N,Y,25.6867585,-80.3125676
MLS Listing,,Condo/Co-op,10425 SW 112th Ave #301,Miami,FL,33176,200000,2,2.0,GARDENS OF KENDALL CONDO,983,,1978,1,203,414,Active,,,https://www.redfin.com/FL/Miami/10425-SW-112th-Ave-33176/unit-301/home/43158917,MARMLS,A11163557,N,Y,25.671311,-80.37508
MLS Listing,,Single Family Residential,8470 SW 100th St,Miami,FL,33156,2125000,5,4.0,GALLOWAY COVE ESTATES,3533,30056,1999,1,601,,Active,February-26-2022 11:00 AM,February-26-2022 02:00 PM,https://www.redfin.com/FL/Miami/8470-SW-100th-St-33156/home/43148575,MARMLS,A11163743,N,Y,25.6768832,-80.3329301
MLS Listing,,Condo/Co-op,7715 SW 86th St Unit A2-202,Miami,FL,33143,305000,3,2.0,KINGS CREEK SO CONDO,1200,,1969,1,254,529,Active,,,https://www.redfin.com/FL/Miami/7715-SW-86th-St-33143/unit-A2-202/home/43098183,MARMLS,A11163935,N,Y,25.6910922,-80.319333
PAST SALE,September-23-2003,Single Family Residential,,Miami,FL,33176,749000,5,3.5,,3716,39204,1973,1,202,,Pending,,,https://www.redfin.com/FL/Miami/Undisclosed-address-33176/home/43156035,MARMLS,A11163832,N,Y,25.6686332,-80.3520748
MLS Listing,,Single Family Residential,10185 SW 100th Ave,Miami,FL,33176,595000,4,3.0,KENDALE SOUTH SEC 1,2257,9350,1968,3,264,,Active,,,https://www.redfin.com/FL/Miami/10185-SW-100th-Ave-33176/home/43144849,MARMLS,A11163467,N,Y,25.6750346,-80.3557509
PAST SALE,October-17-2012,Townhouse,7732 SW 94th Ter,Miami,FL,33156,449000,3,3.0,VILLAS OF BARCELONA,1446,,1999,3,311,160,Pending,,,https://www.redfin.com/FL/Miami/7732-SW-94th-Ter-33156/home/43150095,MARMLS,A11159500,N,Y,25.6827056,-80.3201682
MLS Listing,,Single Family Residential,10465 SW 80th St,Miami,FL,33173,450000,2,2.5,SUNSET PARK LAKE VILLAS S,1716,2000,1972,4,262,205,Active,,,https://www.redfin.com/FL/Miami/10465-SW-80th-St-33173/home/43093547,MARMLS,A11162924,N,Y,25.6944136,-80.3623833
MLS Listing,,Single Family Residential,8441 SW 84th Ter,Miami,FL,33143,1100000,4,2.0,KENDALL POINT 2ND ADDN,2427,11000,1968,5,453,,Active,,,https://www.redfin.com/FL/Miami/8441-SW-84th-Ter-33143/home/43098707,MARMLS,A11161148,N,Y,25.6914228,-80.3309501
MLS Listing,,Single Family Residential,14750 SW 95th Ave,Miami,FL,33176,900000,4,2.0,MARIES PINE ESTATES,1973,17040,1971,5,456,,Active,,,https://www.redfin.com/FL/Miami/14750-SW-95th-Ave-33176/home/43164562,MARMLS,A11162479,N,Y,25.632689,-80.348195
PAST SALE,,Townhouse,11328 SW 114th Lane Cir #11328,Miami,FL,33176,359000,2,1.0,KILLIAN PINES TOWNHOUSES,1080,,1978,5,332,100,Pending,,,https://www.redfin.com/FL/Miami/11328-SW-114th-Lane-Cir-33176/unit-11328/home/178324681,MARMLS,A11162500,N,Y,25.6614887,-80.378647
MLS Listing,,Condo/Co-op,8475 SW 94th St Unit 128E,Miami,FL,33156,185000,1,1.0,GALLOWOOD CONDO,709,,1968,5,261,284,Active,,,https://www.redfin.com/FL/Miami/8475-SW-94th-St-33156/unit-128E/home/43371913,MARMLS,A11162329,N,Y,25.6831147,-80.3330171
MLS Listing,,Condo/Co-op,8945 SW 73rd Pl Unit TH114S,Miami,FL,33156,549000,2,2.5,TOSCANO CONDO,1572,,2007,6,349,,Active,,,https://www.redfin.com/FL/Miami/8945-SW-73rd-Pl-33156/unit-TH114S/home/43382277,MARMLS,A11162121,N,Y,25.6873398,-80.3148718
MLS Listing,,Condo/Co-op,7931 SW 104th St Unit E213,Miami,FL,33156,190000,1,1.0,VENETIAN PALMS CONDO,854,,1971,6,222,403,Contingent,,,https://www.redfin.com/FL/Miami/7931-SW-104th-St-33156/unit-E213/home/43329959,MARMLS,A11161624,N,Y,25.674772,-80.324025
PAST SALE,April-28-1997,Single Family Residential,9930 SW 142nd St,Miami,FL,33176,1100000,4,3.0,MAYLEN HEIGHTS,2637,18253,1983,7,417,,Pending,,,https://www.redfin.com/FL/Miami/9930-SW-142nd-St-33176/home/43166365,MARMLS,A11159250,N,Y,25.6374624,-80.3556422
MLS Listing,,Single Family Residential,11391 SW 74th Ter,Miami,FL,33173,675000,3,2.0,LOS ROBLES,1528,5455,1989,7,442,59,Active,,,https://www.redfin.com/FL/Miami/11391-SW-74th-Ter-33173/home/43094780,MARMLS,A11160943,N,Y,25.6983879,-80.377935
PAST SALE,September-26-2018,Condo/Co-op,11219 SW 88th St Unit C208,Miami,FL,33176,239000,2,2.0,PINE GROVE CONDO,986,,1969,7,242,332,Pending,,,https://www.redfin.com/FL/Miami/11219-N-Kendall-Dr-33176/unit-C208/home/43095185,MARMLS,A11161230,N,Y,25.6870033,-80.3755685
MLS Listing,,Condo/Co-op,10852 N Kendall Dr #314,Kendall,FL,33176,280000,2,2.0,KENDALL GATE CONDO,1242,,1974,7,225,427,Active,,,https://www.redfin.com/FL/Miami/10852-N-Kendall-Dr-33176/unit-314/home/43152767,MARMLS,A11161171,N,Y,25.6852687,-80.3696602
PAST SALE,May-17-2013,Townhouse,11439 SW 86th Ln #11439,Miami,FL,33173,475000,3,2.0,KINGS COURT WEST,1580,,1981,8,301,190,Pending,,,https://www.redfin.com/FL/Miami/11439-SW-86th-Ln-33173/unit-11439/home/104444837,MARMLS,A11151301,N,Y,25.688015,-80.3790999
MLS Listing,,Single Family Residential,14320 SW 98th Ct,Miami,FL,33176,849000,3,2.0,PINE MEADOWS SEC 3,1584,15000,1972,8,536,,Active,,,https://www.redfin.com/FL/Miami/14320-SW-98th-Ct-33176/home/43164069,MARMLS,A11160802,N,Y,25.6364999,-80.353554
MLS Listing,,Single Family Residential,,Miami,FL,33176,635000,3,2.0,,1318,15360,1958,8,482,,Contingent,,,https://www.redfin.com/FL/Miami/Undisclosed-address-33176/home/43161965,MARMLS,A11160825,N,Y,25.6444361,-80.3582741
PAST SALE,July-12-1991,Condo/Co-op,8065 SW 107th Ave #215,Miami,FL,33173,225000,2,2.0,THE HORIZONS CONDO #5,965,,1980,8,233,396,Pending,,,https://www.redfin.com/FL/Miami/8065-SW-107th-Ave-33173/unit-215/home/43089144,MARMLS,A11160670,N,Y,25.6930033,-80.364038
PAST SALE,,Condo/Co-op,10755 SW 108th Ave #103,Miami,FL,33176,249900,2,2.0,PALM COVE COND,1050,,1986,8,238,372,Pending,,,https://www.redfin.com/FL/Miami/10755-SW-108th-Ave-33176/unit-103/home/43318665,MARMLS,A11160637,N,Y,25.669168,-80.370098
MLS Listing,,Single Family Residential,9220 SW 105th St,Miami,FL,33176,2790000,5,4.5,COURTS OF GALLOWAY GLEN,4268,30928,1990,8,654,67,Active,,,https://www.redfin.com/FL/Miami/9220-SW-105th-St-33176/home/43157293,MARMLS,A11154006,N,Y,25.6716609,-80.3438953
MLS Listing,,Townhouse,6517 SW 116th Pl Unit D,Miami,FL,33173,409000,3,2.0,SNAPPER VILLAGE CONDO PHA,1340,,1976,9,305,,Active,,,https://www.redfin.com/FL/Miami/6517-SW-116th-Pl-33173/unit-D/home/43093454,MARMLS,A11157843,N,Y,25.706665,-80.3817281
MLS Listing,,Single Family Residential,10401 SW 139th St,Miami,FL,33176,1399000,4,3.0,MARY ANN ESTATES 1ST ADDN,3041,15000,1987,9,460,,Active,,,https://www.redfin.com/FL/Miami/10401-SW-139th-St-33176/home/43165395,MARMLS,A11158645,N,Y,25.640512,-80.3626243
MLS Listing,,Condo/Co-op,7265 SW 89th St Unit A712,Miami,FL,33156,525000,3,2.0,Downtown Dadeland Condo 1,1516,,2007,10,346,912,Active,,,https://www.redfin.com/FL/Miami/7265-SW-89th-St-33156/unit-A712/home/43408617,Beaches MLS,F10318261,N,Y,25.6881237,-80.3126929
PAST SALE,,Single Family Residential,13301 SW 99 Pl,Miami,FL,33176,625000,4,2.0,Caribbean Estates,1917,15873,1964,10,326,,Pending,,,https://www.redfin.com/FL/Miami/13301-SW-99th-Pl-33176/home/43159899,Beaches MLS,F10318204,N,Y,25.6457368,-80.3557945
MLS Listing,,Condo/Co-op,7285 SW 90th St Unit D408,Miami,FL,33156,495000,2,2.0,DOWNTOWN DADELAND CONDO N,1119,,2007,11,442,714,Active,,,https://www.redfin.com/FL/Miami/7285-SW-90th-St-33156/unit-D408/home/43408592,MARMLS,A11160029,N,Y,25.6870234,-80.3131859
MLS Listing,,Single Family Residential,10320 SW 103rd Ter,Miami,FL,,793000,4,2.0,KENDALE SOUTH SEC 2 PART,2030,9350,1968,11,391,,Contingent,,,https://www.redfin.com/FL/Miami/10320-SW-103rd-Ter-33176/home/43149798,MARMLS,A11157848,N,Y,25.6715729,-80.3615368
PAST SALE,January-1-1988,Townhouse,11652 SW 91st Ter,Miami,FL,33176,462500,3,2.0,TOWNHOMES OF LA JOLLA,1890,,1984,11,245,,Pending,,,https://www.redfin.com/FL/Miami/11652-SW-91st-Ter-33176/home/43143958,MARMLS,A11159879,N,Y,25.68347,-80.382559
PAST SALE,,Condo/Co-op,10180 SW 88th St #405,Miami,FL,33176,385000,3,3.0,TIFFANY OF KENDALL CONDO,1430,,1999,11,269,260,Pending,,,https://www.redfin.com/FL/Miami/10180-SW-88th-St-33176/unit-405/home/43244545,MARMLS,A11159533,N,Y,25.6860551,-80.3578065
PAST SALE,September-28-2021,Single Family Residential,10125 SW 77th Dr,Miami,FL,33173,665000,4,3.0,HEFTLER HOMES SUNSET PARK,1016,10925,1961,12,655,,Pending,,,https://www.redfin.com/FL/Miami/10125-SW-77th-Dr-33173/home/43093063,MARMLS,A11159386,N,Y,25.6962907,-80.3566645
PAST SALE,April-26-2005,Condo/Co-op,9394 SW 77th Ave Unit F8,Miami,FL,33156,200000,1,1.0,KINGSTON SQUARE CONDO,875,,1967,12,229,295,Pending,,,https://www.redfin.com/FL/Miami/9394-SW-77th-Ave-33156/unit-F8/home/43149889,MARMLS,A11153159,N,Y,25.6843453,-80.3198744
MLS Listing,,Townhouse,11295 SW 116th Ter #1,Miami,FL,33176,330000,2,2.0,HEFTLER TOWNHOUSES,1147,,1978,12,288,75,Contingent,,,https://www.redfin.com/FL/Miami/11295-SW-116th-Ter-33176/unit-1/home/178267471,MARMLS,A11154039,N,Y,25.6609819,-80.3785873
MLS Listing,,Condo/Co-op,9055 SW 73rd Ct #205,Miami,FL,33156,280000,1,1.0,METROPOLIS I AT DADELAND,918,,2006,13,305,704,Active,,,https://www.redfin.com/FL/Miami/9055-SW-73rd-Ct-33156/unit-205/home/43363720,MARMLS,A11152264,N,Y,25.6866095,-80.3142164
MLS Listing,,Condo/Co-op,7371 SW 90th St Unit TH106S,Miami,FL,33156,465000,2,2.5,TOSCANO CONDO,1572,,2007,13,296,1111,Contingent,,,https://www.redfin.com/FL/Miami/7371-SW-90th-St-33156/unit-TH106S/home/43373707,MARMLS,A11159058,N,Y,25.6879265,-80.3145399
MLS Listing,,Townhouse,10900 SW 104th St #105,Miami,FL,33176,230000,2,1.5,THE BERKELEY CONDO,1350,,1973,13,170,323,Active,,,https://www.redfin.com/FL/Miami/10900-SW-104th-St-33176/unit-105/home/43442427,MARMLS,A11158782,N,Y,25.6714877,-80.3716501
MLS Listing,,Condo/Co-op,10795 SW 108th Ave #105,Miami,FL,33176,255000,2,2.0,PALM COVE CONDO,1050,,1986,13,243,,Active,,,https://www.redfin.com/FL/Miami/10795-SW-108th-Ave-33176/unit-105/home/43326164,MARMLS,A11158298,N,Y,25.669168,-80.370098
MLS Listing,,Single Family Residential,7763 SW 99th St,Miami,FL,33156,1275000,4,2.5,DICE POINT,,4300,2022,13,,,Active,,,https://www.redfin.com/FL/Kendall/7763-SW-99th-St-33156/home/168190836,MARMLS,A11158799,N,Y,25.6791023,-80.3201262
PAST SALE,April-9-1990,Single Family Residential,8540 SW 124th St,Miami,FL,33156,552000,3,3.0,RANCHERO HOMESITES,1104,14000,1954,13,500,,Pending,,,https://www.redfin.com/FL/Miami/8540-SW-124th-St-33156/home/43157134,MARMLS,A11158256,N,Y,25.6548298,-80.3320816
MLS Listing,,Condo/Co-op,9611 SW 77th Ave Unit 208A,Miami,FL,33156,275000,2,2.0,WOODSIDE IN KENDALL CONDO,998,,1967,13,276,,Active,,,https://www.redfin.com/FL/Miami/9611-SW-77th-Ave-33156/unit-208A/home/43147353,MARMLS,A11158861,N,Y,25.6816452,-80.3181449
MLS Listing,,Townhouse,7886 SW 102nd Ln #7886,Miami,FL,33156,330000,2,1.5,DADELAND COVE SEC 2,970,,1996,13,340,425,Active,,,https://www.redfin.com/FL/Miami/7886-SW-102nd-Ln-33156/unit-7886/home/178261412,MARMLS,A11158674,N,Y,25.6748772,-80.3226533
MLS Listing,,Single Family Residential,11103 SW 124th Rd,Miami,FL,33176,824900,4,3.0,PINE SHORE SEC 1,1989,15000,1972,13,415,,Contingent,,,https://www.redfin.com/FL/Miami/11103-SW-124th-Rd-33176/home/43162549,MARMLS,A11157325,N,Y,25.654539,-80.3746295
MLS Listing,,Condo/Co-op,11455 SW 109th Rd Unit 3D,Miami,FL,33176,385000,3,2.0,GREENGLADES CONDO 1,1220,,1975,14,316,155,Active,,,https://www.redfin.com/FL/Miami/11455-SW-109th-Rd-33176/unit-3D/home/43152035,MARMLS,A11158266,N,Y,25.6691043,-80.3807728
PAST SALE,,Condo/Co-op,9143 SW 77th Ave Unit B404,Miami,FL,33156,150000,1,1.0,DADELAND PLACE CONDO,699,,1971,14,215,250,Pending,,,https://www.redfin.com/FL/Miami/9143-SW-77th-Ave-33156/unit-B404/home/43373940,MARMLS,A11158183,N,Y,25.6858598,-80.3178724
MLS Listing,,Condo/Co-op,9066 SW 73rd Ct #803,Miami,FL,33156,238000,1,1.0,METROPOLIS II AT DADELAND,657,,2006,14,362,350,Contingent,,,https://www.redfin.com/FL/Miami/9066-SW-73rd-Ct-33156/unit-803/home/43360091,MARMLS,A11157557,N,Y,25.686541,-80.3145938
PAST SALE,April-12-2021,Single Family Residential,8100 SW 96th St,Miami,FL,33156,2950000,7,6.0,KENDAL RANCHES,6060,15052,2020,14,487,,Pending,,,https://www.redfin.com/FL/Miami/8100-SW-96th-St-33156/home/43139371,MARMLS,A11154908,N,Y,25.680855,-80.3265766
MLS Listing,,Townhouse,11863 SW 98th Ter,Miami,FL,33186,410000,2,2.0,AMARETTO 1ST ADDN,1192,,1990,14,344,347,Active,,,https://www.redfin.com/FL/Miami/11863-SW-98th-Ter-33186/home/43179845,MARMLS,A11157698,N,Y,25.6766825,-80.3877093
PAST SALE,March-1-1984,Single Family Residential,8210 SW 99th St,Miami,FL,33156,949000,3,2.0,FOREST HILL ESTATES,1978,15000,1958,15,480,,Pending,,,https://www.redfin.com/FL/Miami/8210-SW-99th-St-33156/home/43146071,MARMLS,A11157298,N,Y,25.6780707,-80.3277298
MLS Listing,,Condo/Co-op,,Miami,FL,33176,265900,2,1.0,,,,1968,15,,,Active,,,https://www.redfin.com/FL/Miami/Undisclosed-address-33176/home/43321828,MARMLS,A11157466,N,Y,25.685664,-80.356992
PAST SALE,November-1-1990,Condo/Co-op,10500 SW 108th Ave Unit B104,Miami,FL,33176,235000,3,2.5,THE TERRACES CONDO PH II,1190,,1971,15,197,408,Pending,,,https://www.redfin.com/FL/Miami/10500-SW-108th-Ave-33176/unit-B104/home/43153774,MARMLS,A11157252,N,Y,25.6710664,-80.3701277
MLS Listing,,Condo/Co-op,10411 SW 108th Ave #253,Miami,FL,33176,185000,1,1.0,KENDALLWOOD VILLAS CONDO,650,,1971,16,285,181,Contingent,,,https://www.redfin.com/FL/Miami/10411-SW-108th-Ave-33176/unit-253/home/43159687,MARMLS,A11154168,N,Y,25.671578,-80.3688663
MLS Listing,,Single Family Residential,10645 SW 80th Ct,Miami,FL,33156,1299000,5,3.0,EHMANN HOMESITES,2246,21210,1961,16,578,,Active,,,https://www.redfin.com/FL/Miami/10645-SW-80th-Ct-33156/home/43147964,MARMLS,A11154274,N,Y,25.6710634,-80.325271
MLS Listing,,Single Family Residential,9785 SW 99th Ave,Miami,FL,33176,2125000,5,4.0,BAPTIST KENDALL,4009,33977,1980,17,530,,Active,,,https://www.redfin.com/FL/Miami/9785-SW-99th-Ave-33176/home/43154037,MARMLS,A11155697,N,Y,25.6787354,-80.3552942
PAST SALE,,Condo/Co-op,10762 SW N. Kendall Dr #112,Unincorporated Dade County,FL,33176,220000,2,2.0,SPANISH TRACE CONDO,920,,1968,18,239,316,Pending,,,https://www.redfin.com/FL/Miami/10762-N-Kendall-Dr-33176/unit-112/home/178236450,MARMLS,A11156092,N,Y,25.6852539,-80.3675678
PAST SALE,,Single Family Residential,11432 SW 104th Ave,Miami,FL,33176,785000,4,3.0,PineAcres,2937,14883,1968,18,267,,Pending,,,https://www.redfin.com/FL/Miami/11432-SW-104th-Ave-33176/home/178232086,MARMLS,A11156342,N,Y,25.6627166,-80.3636465
MLS Listing,,Condo/Co-op,10425 SW 112th Ave #317,Miami,FL,33176,215000,2,2.0,GARDENS OF KENDALL CONDO,929,,1978,18,231,430,Active,,,https://www.redfin.com/FL/Miami/10425-SW-112th-Ave-33176/unit-317/home/43158410,MARMLS,A11156373,N,Y,25.671311,-80.37508
MLS Listing,,Single Family Residential,11201 SW 108th Ct,Miami,FL,33176,1199000,5,3.0,KENDALL ESTATES,2192,15120,1958,18,547,,Active,,,https://www.redfin.com/FL/Miami/11201-SW-108th-Ct-33176/home/43151865,MARMLS,A11156372,N,Y,25.664604,-80.370367
PAST SALE,July-1-1983,Condo/Co-op,13000 SW 92nd Ave Unit B105,Miami,FL,33176,250000,2,2.0,BRIARWINDS CONDO PH II,1050,,1981,18,238,342,Pending,,,https://www.redfin.com/FL/Miami/13000-SW-92nd-Ave-33176/unit-B105/home/43155289,MARMLS,A11155784,N,Y,25.6483796,-80.3439171
MLS Listing,,Single Family Residential,10181 SW 99th Ave,Miami,FL,33176,850000,3,2.0,KENDALE SOUTH SEC 1,1484,11500,1968,18,573,,Contingent,,,https://www.redfin.com/FL/Miami/10181-SW-99th-Ave-33176/home/43143328,MARMLS,A11145735,N,Y,25.6749827,-80.3549679
MLS Listing,,Condo/Co-op,11249 SW 88th St Unit G101,Miami,FL,33176,269900,2,2.0,PINE GROVE CONDO,986,,1969,18,274,381,Active,,,https://www.redfin.com/FL/Miami/11249-N-Kendall-Dr-33176/unit-G101/home/43096540,MARMLS,A11150586,N,Y,25.68845,-80.374911
PAST SALE,March-1-1988,Single Family Residential,13140 SW 95th Ave,Miami,FL,33176,1250000,4,3.0,BRIAR BAY URBAN PARK SEC,2722,15007,1986,19,459,,Pending,,,https://www.redfin.com/FL/Miami/13140-SW-95th-Ave-33176/home/43156030,MARMLS,A11154677,N,Y,25.6474513,-80.3488553
PAST SALE,July-13-1994,Single Family Residential,10205 SW 106th St,Miami,FL,33176,610000,3,2.0,KENDALE SOUTH SEC 2 PART,1639,11505,1969,19,372,,Pending,,,https://www.redfin.com/FL/Miami/10205-SW-106th-St-33176/home/43153730,MARMLS,A11155995,N,Y,25.6704924,-80.3583611
PAST SALE,May-25-2000,Single Family Residential,11425 SW 102nd Ct,Miami,FL,33176,850000,4,3.0,PINE ACRES SEC 1,1572,15065,1968,19,541,,Pending,,,https://www.redfin.com/FL/Miami/11425-SW-102nd-Ct-33176/home/43156240,MARMLS,A11155805,N,Y,25.6627416,-80.3595357
MLS Listing,,Single Family Residential,8801 SW 107th St,Miami,FL,33176,1995000,5,3.0,Unincorporated,3121,23958,1997,19,639,,Contingent,,,https://www.redfin.com/FL/Miami/8801-SW-107th-St-33176/home/43155014,MARMLS,A11155847,N,Y,25.6708262,-80.3368464
PAST SALE,December-22-2009,Townhouse,11244 SW 111 St #11244,Miami,FL,33176,550000,4,3.0,SABAL CHASE SEC 1,1935,,1976,19,284,163,Pending,,,https://www.redfin.com/FL/Miami/11244-SW-111th-St-33176/unit-11244/home/104444981,MARMLS,A11155779,N,Y,25.664873,-80.3771956
PAST SALE,,Single Family Residential,,Miami,FL,33156,649900,3,2.0,,1604,17348,1957,20,405,,Pending,,,https://www.redfin.com/FL/Miami/Undisclosed-address-33156/home/43147433,MARMLS,A11155571,N,Y,25.6827208,-80.3270988
MLS Listing,,Single Family Residential,7771 SW 99th St,Miami,FL,33156,1275000,4,2.5,DICE POINT,,4300,2022,20,,,Active,,,https://www.redfin.com/FL/Kendall/7771-SW-99th-St-33156/home/168190838,MARMLS,A11154111,N,Y,25.6788658,-80.3201181
MLS Listing,,Single Family Residential,7779 SW 99th St,Miami,FL,33156,1310000,4,2.5,DICE POINT,,4696,2022,20,,,Active,,,https://www.redfin.com/FL/Kendall/7779-SW-99th-St-33156/home/168190840,MARMLS,A11154142,N,Y,25.6786238,-80.3201099
MLS Listing,,Single Family Residential,7775 SW 99th St,Miami,FL,33156,1350000,5,3.5,DICE POINT,,4300,2022,20,,,Active,,,https://www.redfin.com/FL/Kendall/7775-SW-99th-St-33156/home/168190839,MARMLS,A11154147,N,Y,25.6787475,-80.3201141
MLS Listing,,Single Family Residential,11728 SW 116th Ter,Miami,FL,33186,520000,3,2.5,TOWNGATE SOUTH SEC 2,1848,4000,1986,20,281,58,Contingent,,,https://www.redfin.com/FL/Miami/11728-SW-116th-Ter-33186/home/43195303,MARMLS,A11149120,N,Y,25.6598193,-80.3845455
PAST SALE,November-15-2006,Single Family Residential,10260 SW 96th Ter,Miami,FL,33176,695000,3,2.0,KENDALE COUNTRY CLUB ESTS,1833,8500,1977,20,379,,Pending,,,https://www.redfin.com/FL/Miami/10260-SW-96th-Ter-33176/home/43155228,MARMLS,A11155087,N,Y,25.6808993,-80.3592747
MLS Listing,,Single Family Residential,8471 SW 100th St,Miami,FL,33156,2800000,5,4.0,,3757,33541,1990,20,745,,Active,,,https://www.redfin.com/FL/Miami/8471-SW-100th-St-33156/home/43149486,MARMLS,A11146202,N,Y,25.6775241,-80.3329301
MLS Listing,,Single Family Residential,10749 SW 118th Ct,Miami,FL,33186,749000,4,3.0,THE MISSIONS,2496,5760,1986,21,300,51,Active,,,https://www.redfin.com/FL/Miami/10749-SW-118th-Ct-33186/home/43194411,MARMLS,A11154576,N,Y,25.6682127,-80.3861546
PAST SALE,,Condo/Co-op,7350 SW 89th St Unit 820S,Miami,FL,33156,495000,3,2.0,TOSCANO CONDO,1498,,2007,21,330,1060,Pending,,,https://www.redfin.com/FL/Miami/7350-SW-89th-St-33156/unit-820S/home/43373897,MARMLS,A11155027,N,Y,25.687519,-80.314608
PAST SALE,May-4-2000,Condo/Co-op,8415 SW 107th Ave Unit 327W,Miami,FL,33173,235000,2,2.0,KENDALL ACRES WEST CONDO,985,,1983,21,239,362,Pending,,,https://www.redfin.com/FL/Miami/8415-SW-107th-Ave-33173/unit-327W/home/43098721,MARMLS,A11155000,N,Y,25.6897415,-80.3637924
MLS Listing,,Single Family Residential,,Miami,FL,33156,2775000,4,3.5,,4116,40946,1976,22,674,,Active,,,https://www.redfin.com/FL/Miami/Undisclosed-address-33156/home/43141455,MARMLS,A11153980,N,Y,25.6840928,-80.332582
MLS Listing,,Condo/Co-op,7715 SW 86th St Unit A2-201,Miami,FL,33143,255000,2,1.5,KINGS CREEK SO CONDO,933,,1969,22,273,413,Contingent,,,https://www.redfin.com/FL/Miami/7715-SW-86th-St-33143/unit-A2-201/home/43098191,MARMLS,A11154322,N,Y,25.6910922,-80.319333
MLS Listing,,Condo/Co-op,10625 SW 112th Ave #205,Miami,FL,33176,272000,2,2.0,THE GARDENS OF KENDALL CO,936,,1979,22,291,389,Active,,,https://www.redfin.com/FL/Miami/10625-SW-112th-Ave-33176/unit-205/home/43150608,MARMLS,A11154124,N,Y,25.6699125,-80.3748252
PAST SALE,May-8-1990,Condo/Co-op,10361 N Kendall Dr Unit B3,Miami,FL,33176,245000,2,2.0,KENDALL ACRES CONDO BLDG,954,,1971,24,257,276,Pending,,,https://www.redfin.com/FL/Miami/10361-N-Kendall-Dr-33176/unit-B3/home/43092485,MARMLS,A11153465,N,Y,25.6890162,-80.3613679
MLS Listing,,Single Family Residential,9361 SW 136th St,Miami,FL,33176,1199000,5,5.5,BRIAR BAY URBAN PARK SEC,4439,24249,1979,25,270,,Active,,,https://www.redfin.com/FL/Miami/9361-SW-136th-St-33176/home/43150547,MARMLS,A11153308,N,Y,25.6437754,-80.3458968
MLS Listing,,Single Family Residential,8250 SW 93rd St,Miami,FL,33156,1249000,5,3.5,PINE ESTATES,3080,16529,1959,26,406,,Contingent,,,https://www.redfin.com/FL/Miami/8250-SW-93rd-St-33156/home/43146067,MARMLS,A11152804,N,Y,25.6834718,-80.3287525
MLS Listing,,Condo/Co-op,10738 N Kendall Dr Unit K17,Miami,FL,33176,250000,2,1.0,SPANISH TRACE CONDO,842,,1968,26,297,318,Active,,,https://www.redfin.com/FL/Miami/10738-N-Kendall-Dr-33176/unit-K17/home/43152640,MARMLS,A11152844,N,Y,25.6852539,-80.3675678
MLS Listing,,Condo/Co-op,10655 SW 113th Pl Unit 86C,Miami,FL,33176,410000,2,2.0,GREENGLADES CONDO 16,1100,,1977,26,373,297,Contingent,,,https://www.redfin.com/FL/Miami/10655-SW-113th-Pl-33176/unit-86C/home/43153225,MARMLS,A11147795,N,Y,25.6703971,-80.3773043
MLS Listing,,Single Family Residential,13255 SW 106th Ave,Miami,FL,33176,1349000,4,3.0,Falls,3025,18125,1990,26,446,,Contingent,,,https://www.redfin.com/FL/Miami/13255-SW-106th-Ave-33176/home/43163283,MARMLS,A11152744,N,Y,25.645909,-80.3656475
PAST SALE,January-6-2015,Condo/Co-op,9229 SW 87th Ave Unit D5,Miami,FL,33176,174900,1,1.0,INWOOD CONDO,690,,1972,26,253,297,Pending,,,https://www.redfin.com/FL/Miami/9229-SW-87th-Ave-33176/unit-D5/home/43149701,MARMLS,A11152735,N,Y,25.6839571,-80.3346707
MLS Listing,,Condo/Co-op,7280 SW 89th St Unit 506D,Miami,FL,33156,259000,1,1.0,DOWNTOWN DADELAND CONDO N,770,,2007,26,336,325,Contingent,,,https://www.redfin.com/FL/Kendall/7280-SW-89th-St-33156/unit-506D/home/43408122,MARMLS,A11151848,N,Y,25.6881354,-80.3126116
PAST SALE,,Condo/Co-op,,Miami,FL,33173,165000,1,1.0,,801,,1969,26,206,304,Pending,,,https://www.redfin.com/FL/Miami/Undisclosed-address-33173/home/43355190,MARMLS,A11151112,N,Y,25.6896309,-80.3711716
PAST SALE,March-1-1987,Single Family Residential,9229 SW 114th St,Miami,FL,33176,1999999,5,4.5,Kendall,3753,54450,1989,27,533,,Pending,,,https://www.redfin.com/FL/Miami/9229-SW-114th-St-33176/home/43155582,MARMLS,A11151605,N,Y,25.6643246,-80.3437213
MLS Listing,,Single Family Residential,9749 SW 111th Ter,Miami,FL,33176,1450000,6,3.5,WEITZER KILLIAN PLACE,4246,22067,1990,27,341,58,Contingent,,,https://www.redfin.com/FL/Miami/9749-SW-111th-Ter-33176/home/43155559,MARMLS,A11151733,N,Y,25.6665562,-80.3525099
MLS Listing,,Condo/Co-op,11283 SW 88th St Unit L203,Miami,FL,33176,207000,1,1.0,PINE GROVE CONDO,736,,1969,28,281,244,Contingent,,,https://www.redfin.com/FL/Miami/11283-N-Kendall-Dr-33176/unit-L203/home/43094579,MARMLS,A11151451,N,Y,25.68845,-80.374911
MLS Listing,,Single Family Residential,11300 SW 107th Ave,Miami,FL,33176,700000,3,3.0,KENDALL ESTATES,1664,16640,1958,28,421,,Active,,,https://www.redfin.com/FL/Miami/11300-SW-107th-Ave-33176/home/43153854,MARMLS,A11151238,N,Y,25.6640005,-80.3678224
MLS Listing,,Condo/Co-op,11275 SW 88th St Unit K203,Miami,FL,33176,200000,1,1.0,PINE GROVE CONDO,736,,1969,29,272,244,Active,,,https://www.redfin.com/FL/Miami/11275-N-Kendall-Dr-33176/unit-K203/home/43093455,MARMLS,A11150988,N,Y,25.68845,-80.374911
PAST SALE,June-6-2018,Single Family Residential,12825 SW 103rd Ct,Miami,FL,33176,1100000,4,2.5,ANDES SUB,2966,15307,1978,29,371,,Pending,,,https://www.redfin.com/FL/Miami/12825-SW-103rd-Ct-33176/home/43464466,MARMLS,A11148788,N,Y,25.6498215,-80.3611235
PAST SALE,,Condo/Co-op,7737 N Kendall Dr #312,Miami,FL,33156,230000,2,1.0,PARADISE AT DADELAND COND,980,,1965,29,235,243,Pending,,,https://www.redfin.com/FL/Miami/7737-N-Kendall-Dr-33156/unit-312/home/177941594,MARMLS,A11143843,N,Y,25.689406,-80.318778
MLS Listing,,Townhouse,7100 SW 112th Pl #7100,Miami,FL,33173,360000,3,2.0,SNAPPER CREEK TOWNHOUSES,1378,,1972,29,261,143,Contingent,,,https://www.redfin.com/FL/Miami/7100-SW-112th-Pl-33173/unit-7100/home/171734738,MARMLS,A11149677,N,Y,25.7016964,-80.3753742
PAST SALE,,Condo/Co-op,7350 SW 89th St Unit 1506S,Miami,FL,33156,399000,2,2.0,TOSCANO CONDO,1286,,2007,31,310,864,Pending,,,https://www.redfin.com/FL/Miami/7350-SW-89th-St-33156/unit-1506S/home/43382507,MARMLS,A11150443,N,Y,25.687519,-80.314608
MLS Listing,,Single Family Residential,11730 SW 112th Avenue Rd,Miami,FL,33176,750000,3,2.0,KILLIAN PINES 1ST ADDN,1643,7500,1976,31,456,,Active,,,https://www.redfin.com/FL/Miami/11730-SW-112th-Avenue-Rd-33176/home/43151034,MARMLS,A11150355,N,Y,25.6592418,-80.3778915
MLS Listing,,Condo/Co-op,10801 SW 109th Ct Unit D412,Miami,FL,33176,250000,3,2.5,THE TERRACES CONDO PH II,1190,,1971,32,210,395,Contingent,,,https://www.redfin.com/FL/Miami/10801-SW-109th-Ct-33176/unit-D412/home/43158906,MARMLS,A11150232,N,Y,25.6699996,-80.3713021
PAST SALE,April-1-1972,Single Family Residential,8900 SW 79th Ave,Miami,FL,33156,630000,3,2.0,Pool N Patio Estates,1671,11000,1962,32,377,,Pending,,,https://www.redfin.com/FL/Miami/8900-SW-79th-Ave-33156/home/43146011,Beaches MLS,F10315438,N,Y,25.6874571,-80.323639
PAST SALE,March-23-2012,Condo/Co-op,8475 SW 94th St Unit 105E,Miami,FL,33156,187000,2,1.0,GALLOWOOD CONDO,866,,1968,32,216,102,Pending,,,https://www.redfin.com/FL/Miami/8475-SW-94th-St-33156/unit-105E/home/43438554,MARMLS,A11150045,N,Y,25.6831147,-80.3330171
MLS Listing,,Single Family Residential,11280 SW 131st St,Miami,FL,33176,935000,5,3.0,PINE SHORE SEC 3,2260,19374,1977,32,414,,Active,,,https://www.redfin.com/FL/Miami/11280-SW-131-St-33176/home/43159843,MARMLS,A11146467,N,Y,25.6466848,-80.3770216
PAST SALE,,Condo/Co-op,9066 SW 73rd Ct #605,Miami,FL,33156,245000,1,1.0,METROPOLIS II AT DADELAND,890,,2006,32,275,675,Pending,,,https://www.redfin.com/FL/Miami/9066-SW-73rd-Ct-33156/unit-605/home/43364594,MARMLS,A11149846,N,Y,25.686541,-80.3145938
MLS Listing,,Single Family Residential,9555 SW 93rd St,Miami,FL,33176,2800000,5,4.0,Unincorporated Dade,4424,17555,2019,33,633,,Active,,,https://www.redfin.com/FL/Miami/9555-SW-93rd-St-33176/home/168190841,Beaches MLS,RX-10771358,N,Y,25.6830606,-80.3505201
PAST SALE,June-23-2015,Townhouse,9312 SW 132nd St Unit -,Miami,FL,33176,399900,2,2.0,BRIAR BAY TOWNHOUSE ESTAT,972,,1980,33,411,,Pending,,,https://www.redfin.com/FL/Miami/9312-SW-132nd-St-33176/home/43432874,MARMLS,A11149769,N,Y,25.6465719,-80.3449178
PAST SALE,January-21-2022,Condo/Co-op,11491 SW 109th Rd Unit 15B,Miami,FL,33176,325000,2,1.5,GREENGLADES CONDO 2,1400,,1975,33,232,163,Pending,,,https://www.redfin.com/FL/Miami/11491-SW-109th-Rd-33176/unit-15B/home/43152092,MARMLS,A11149094,N,Y,25.6687748,-80.3815012
PAST SALE,January-14-2019,Condo/Co-op,10641 SW 108th Ave Unit 2E,Miami,FL,33176,220000,2,2.0,THE PRADO CONDO,911,,1975,33,241,269,Pending,,,https://www.redfin.com/FL/Miami/10641-SW-108th-Ave-33176/unit-2E/home/43152404,MARMLS,A11149372,N,Y,25.6700078,-80.3693817
PAST SALE,January-31-2019,Condo/Co-op,10500 SW 108th Ave Unit B205,Miami,FL,33176,220000,2,2.0,THE TERRACES CONDO PH II,900,,1971,33,244,302,Pending,,,https://www.redfin.com/FL/Miami/10500-SW-108th-Ave-33176/unit-B205/home/43158757,MARMLS,A11149355,N,Y,25.6710664,-80.3701277
PAST SALE,June-4-1994,Single Family Residential,12773 SW 114th Ct,Miami,FL,33176,725000,4,2.0,PINE SHORE SEC 4,2043,16875,1977,33,355,,Pending,,,https://www.redfin.com/FL/Miami/12773-SW-114th-Ct-33176/home/43152366,MARMLS,A11144646,N,Y,25.6487919,-80.3798051
MLS Listing,,Condo/Co-op,9970 N Kendall Dr #9039,Miami,FL,33176,279000,2,1.0,PUERTA DEL SOL CONDO,930,,1968,34,300,340,Active,,,https://www.redfin.com/FL/Miami/9970-N-Kendall-Dr-33176/unit-903-9/home/43312773,MARMLS,A11149221,N,Y,25.6852959,-80.3570544
MLS Listing,,Condo/Co-op,10377 N Kendall Dr Unit K6,Miami,FL,33176,247000,2,1.0,KENDALL ACRES CONDO BLDG,891,,1971,34,277,,Contingent,,,https://www.redfin.com/FL/Miami/10377-N-Kendall-Dr-33176/unit-K6/home/43085906,MARMLS,A11148876,N,Y,25.6890162,-80.3613679
PAST SALE,,Townhouse,11962 SW 81st St,Miami,FL,33183,425000,3,2.5,MYSTIC FOREST,1800,,2002,34,236,186,Pending,,,https://www.redfin.com/FL/Miami/11962-SW-81st-St-33183/home/43269919,MARMLS,A11148901,N,Y,25.692432,-80.386943
PAST SALE,May-8-2019,Condo/Co-op,8650 SW 109th Ave Unit 3-209,Miami,FL,33173,235000,2,2.5,Courtyards AT Kendall Condo,1140,,1969,34,206,388,Pending,,,https://www.redfin.com/FL/Miami/8650-SW-109th-Ave-33173/unit-3-209/home/43355124,Beaches MLS,RX-10770963,N,Y,25.6881801,-80.3706932
MLS Listing,,Single Family Residential,9295 SW 114th St,Miami,FL,33176,1475000,4,3.0,HAWLEY HGTS,2879,39204,1960,35,512,,Active,,,https://www.redfin.com/FL/Miami/9295-SW-114th-St-33176/home/43155591,MARMLS,A11148173,N,Y,25.6642265,-80.3446567
PAST SALE,December-27-1995,Single Family Residential,12500 SW 115th Ave,Miami,FL,33176,650000,4,2.0,PINE SHORE SEC FIVE,2011,15925,1979,36,323,,Pending,,,https://www.redfin.com/FL/Miami/12500-SW-115th-Ave-33176/home/43159854,MARMLS,A11141341,N,Y,25.6527295,-80.3798051
PAST SALE,,Condo/Co-op,7701 N Kendall Dr #126,Miami,FL,33156,192000,1,1.0,PARADISE AT DADELAND COND,648,,1965,37,296,160,Pending,,,https://www.redfin.com/FL/Miami/7701-N-Kendall-Dr-33156/unit-126/home/177898628,MARMLS,A11147455,N,Y,25.6890355,-80.317786
PAST SALE,,Condo/Co-op,7355 SW 89th St Unit 627N,Miami,FL,33156,275000,1,1.0,TOSCANO CONDO,846,,2007,38,325,589,Pending,,,https://www.redfin.com/FL/Kendall/7355-SW-89th-St-33156/unit-627N/home/43381970,MARMLS,A11144219,N,Y,25.68794,-80.314616
PAST SALE,,Condo/Co-op,9974 N Kendall Dr #1018,Miami,FL,33176,285000,2,2.0,PUERTA DEL SOL CONDO,1050,,1968,39,271,450,Pending,,,https://www.redfin.com/FL/Miami/9974-N-Kendall-Dr-33176/unit-1018/home/43317891,MARMLS,A11146740,N,Y,25.6847317,-80.3569118
PAST SALE,November-4-2011,Townhouse,10621 SW 77th Ter,Miami,FL,33173,450000,3,2.5,SUNSET KENDALL VILLAS,1788,,1979,40,252,,Pending,,,https://www.redfin.com/FL/Miami/10621-SW-77th-Ter-33173/home/43096013,MARMLS,A11146653,N,Y,25.69633,-80.364502
MLS Listing,,Single Family Residential,8735 SW 107th St,Miami,FL,33176,610000,,,real estate vacant lot,,15681,,40,,,Contingent,,,https://www.redfin.com/FL/Miami/8735-SW-107th-St-33176/home/168191959,MARMLS,A11146626,N,Y,25.670925,-80.335735
PAST SALE,September-23-2011,Townhouse,6251 116 Pl,Kendall,FL,33173,305750,2,2.5,46,1310,,1976,40,233,,Pending,,,https://www.redfin.com/FL/Miami/6251-SW-116th-Pl-33173/unit-F/home/43088453,MARMLS,A11144678,N,Y,25.7087221,-80.3808706
PAST SALE,February-10-2015,Condo/Co-op,8075 SW 107th Ave #203,Miami,FL,33173,220000,2,2.0,THE HORIZONS CONDO #7,965,,1981,40,228,380,Pending,,,https://www.redfin.com/FL/Miami/8075-SW-107th-Ave-33173/unit-203/home/43098211,MARMLS,A11146253,N,Y,25.6929665,-80.3652518
MLS Listing,,Condo/Co-op,9066 SW 73rd Ct #506,Miami,FL,33156,334900,1,1.0,METROPOLIS II AT DADELAND,928,,2006,41,361,700,Contingent,,,https://www.redfin.com/FL/Miami/9066-SW-73rd-Ct-33156/unit-506/home/43358588,MARMLS,A11146063,N,Y,25.686541,-80.3145938
MLS Listing,,Single Family Residential,7940 SW 109th St,Miami,FL,33156,949000,4,2.0,KILLIAN GREEN ESTS 1ST AD,1701,23626,1970,41,558,,Contingent,,,https://www.redfin.com/FL/Miami/7940-SW-109th-St-33156/home/43156481,MARMLS,A11136233,N,Y,25.6687716,-80.3235085
PAST SALE,June-17-2020,Condo/Co-op,,Miami,FL,33176,275000,2,2.0,,1247,,1974,42,221,,Pending,,,https://www.redfin.com/FL/Miami/Undisclosed-address-33176/home/43154244,MARMLS,A11144788,N,Y,25.6852687,-80.3696602
PAST SALE,March-5-2004,Single Family Residential,11786 SW 93rd Ter,Miami,FL,33186,575000,4,3.0,POINCIANA AT KENDALL 1ST,1729,4830,1990,42,333,150,Pending,,,https://www.redfin.com/FL/Miami/11786-SW-93rd-Ter-33186/home/43177168,MARMLS,A11144744,N,Y,25.6812551,-80.3860676
PAST SALE,July-16-1998,Single Family Residential,8950 SW 109th Ter,Miami,FL,33176,1650000,4,3.5,,4439,39384,1991,42,372,,Pending,,,https://www.redfin.com/FL/Miami/8950-SW-109th-Ter-33176/home/43157569,MARMLS,A11144579,N,Y,25.6678184,-80.3398053
PAST SALE,,Townhouse,9780 SW 92nd Ter #9780,Miami,FL,33176,350000,3,2.5,1ST ADDN TO CHERRY GROVE,1630,,1975,43,215,17,Pending,,,https://www.redfin.com/FL/Miami/9780-SW-92nd-Ter-33176/unit-9780/home/177862499,MARMLS,A11144864,N,Y,25.683018,-80.353607
MLS Listing,,Single Family Residential,7324 SW 114th Pl,Miami,FL,33173,565000,3,2.5,POINCIANA AT CHESTNUT RAN,1559,6354,1991,43,362,112,Contingent,,,https://www.redfin.com/FL/Miami/7324-SW-114th-Pl-33173/home/43094170,MARMLS,A11142548,N,Y,25.699516,-80.3797616
MLS Listing,,Single Family Residential,9721 SW 130th St,Miami,FL,33176,1250000,4,3.0,DONNA VILLAS,3339,15924,1985,43,374,,Active,,,https://www.redfin.com/FL/Miami/9721-SW-130th-St-33176/home/43159184,MARMLS,A11143455,N,Y,25.649078,-80.3512917
PAST SALE,March-23-2000,Single Family Residential,10060 SW 144th St,Miami,FL,33176,1400000,5,3.0,PARINTIS SUB,3636,15000,1989,43,385,,Pending,,,https://www.redfin.com/FL/Miami/10060-SW-144th-St-33176/home/43432057,MARMLS,A11142218,N,Y,25.6356771,-80.3563382
PAST SALE,January-1-1973,Single Family Residential,8520 SW 102nd Ave,Miami,FL,33173,587500,3,2.0,HEFTLER HOMES SUNSET PARK,1880,9680,1968,45,313,,Pending,,,https://www.redfin.com/FL/Miami/8520-SW-102nd-Ave-33173/home/43092145,MARMLS,A11144102,N,Y,25.6894905,-80.3576651
PAST SALE,November-19-2021,Condo/Co-op,9066 SW 73rd Ct #604,Miami,FL,33156,324900,2,1.0,METROPOLIS II AT DADELAND,,,2006,46,,217,Pending,,,https://www.redfin.com/FL/Miami/9066-SW-73rd-Ct-33156/unit-604/home/43371589,MARMLS,A11143964,N,Y,25.686541,-80.3145938
MLS Listing,,Condo/Co-op,10850 Kendall Dr #403,Miami,FL,33176,219000,2,2.0,KENDALL GATE CONDO,1242,,1974,46,176,451,Contingent,,,https://www.redfin.com/FL/Miami/10850-N-Kendall-Dr-33176/unit-403/home/43151737,MARMLS,A11143372,N,Y,25.6852687,-80.3696602
PAST SALE,February-10-2015,Condo/Co-op,8075 SW 107th Ave #117,Miami,FL,33173,220000,2,2.0,THE HORIZONS CONDO #7,965,,1981,46,228,380,Pending,,,https://www.redfin.com/FL/Miami/8075-SW-107th-Ave-33173/unit-117/home/43101234,MARMLS,A11142981,N,Y,25.6929665,-80.3652518
MLS Listing,,Single Family Residential,9885 SW 96th St,Miami,FL,33176,2799900,6,6.5,WEST CHERRY GROVE,4790,37509,2009,47,585,,Active,,,https://www.redfin.com/FL/Miami/9885-SW-96th-St-33176/home/43466968,MARMLS,A11137684,N,Y,25.6804577,-80.3550331
MLS Listing,,Condo/Co-op,8950 SW 74th Ct #1709,Miami,FL,33156,599000,0,,Miami,1367,,2009,48,438,727,Active,,,https://www.redfin.com/FL/Miami/8950-SW-74th-Ct-33156/unit-1709/home/171265209,NAPLESMLS,222000458,N,Y,25.687051,-80.3158267
PAST SALE,July-6-2018,Single Family Residential,9330 SW 104th St,Miami,FL,33176,1450000,4,4.0,Acre Home,3655,48787,1964,48,397,,Pending,,,https://www.redfin.com/FL/Miami/9330-SW-104th-St-33176/home/43157629,MARMLS,A11142439,N,Y,25.672801,-80.3458968
MLS Listing,,Condo/Co-op,7701 N Kendall Dr #222,Miami,FL,33156,199900,1,1.0,PARADISE AT DADELAND COND,648,,1965,49,308,161,Contingent,,,https://www.redfin.com/FL/Miami/7701-N-Kendall-Dr-33156/unit-222/home/177813571,MARMLS,A11142596,N,Y,25.6890355,-80.317786
PAST SALE,May-20-2014,Condo/Co-op,10381 N Kendall Dr Unit M5,Miami,FL,33176,219900,2,2.0,KENDALL ACRES CONDO BLDG,954,,1971,49,231,,Pending,,,https://www.redfin.com/FL/Miami/10381-N-Kendall-Dr-33176/unit-M5/home/43096434,MARMLS,A11142377,N,Y,25.6890162,-80.3613679
PAST SALE,,Condo/Co-op,8025 SW 107th Ave #118,Miami,FL,33173,275000,3,2.0,THE HORIZONS CONDO #2,1040,,1980,49,264,,Pending,,,https://www.redfin.com/FL/Miami/8025-SW-107th-Ave-33173/unit-118/home/43096576,MARMLS,A11142315,N,Y,25.6937593,-80.3621681
PAST SALE,June-10-1993,Condo/Co-op,10400 SW 108th Ave Unit A108,Miami,FL,33176,179817,1,1.5,THE TERRACES CONDO PH II,725,,1971,49,248,394,Pending,,,https://www.redfin.com/FL/Miami/10400-SW-108th-Ave-33176/unit-A108/home/43154751,MARMLS,A11142436,N,Y,25.671407,-80.3704322
MLS Listing,,Single Family Residential,11380 SW 118th St,Miami,FL,33176,599000,3,2.0,KILLIAN PINES 2ND ADDN,1692,7500,1977,49,354,,Contingent,,,https://www.redfin.com/FL/Miami/11380-SW-118th-St-33176/home/43153184,MARMLS,A11142222,N,Y,25.6581979,-80.3794137
PAST SALE,June-29-1999,Single Family Residential,8701 SW 126th Ter,Miami,FL,33176,675000,4,2.0,RANCHERO MANOR,1616,15142,1956,50,418,,Pending,,,https://www.redfin.com/FL/Miami/8701-SW-126th-Ter-33176/home/43156855,MARMLS,A11142095,N,Y,25.6529247,-80.3347577
PAST SALE,March-10-2016,Townhouse,11218 SW 71st Ln,Miami,FL,33173,355000,2,2.5,SNAPPER CREEK TOWNHOUSES,1454,,1978,50,244,146,Pending,,,https://www.redfin.com/FL/Miami/11218-SW-71st-Ln-33173/home/43090778,MARMLS,A11141979,N,Y,25.7010327,-80.374325
PAST SALE,July-2-2009,Townhouse,11719 SW 103rd Ln #11719,Miami,FL,33186,398000,3,2.0,SPRINGFEVER,1209,,1985,50,329,114,Pending,,,https://www.redfin.com/FL/Miami/11719-SW-103rd-Ln-33186/unit-11719/home/104413668,MARMLS,A11141908,N,Y,25.6726475,-80.384676
PAST SALE,March-1-2019,Condo/Co-op,9470 SW 77th Ave Unit O4,Miami,FL,33156,285000,2,2.0,KINGSTON SQUARE CONDO,1178,,1967,50,242,383,Pending,,,https://www.redfin.com/FL/Miami/9470-SW-77th-Ave-33156/unit-O4/home/43150434,MARMLS,A11141821,N,Y,25.683947,-80.320317
PAST SALE,April-8-2020,Condo/Co-op,10907 SW 88th St #430,Miami,FL,33176,219900,2,2.5,CASTLE APTS CONDO,1150,,1970,53,191,380,Pending,,,https://www.redfin.com/FL/Miami/10907-SW-88th-St-33176/unit-430/home/43094434,MARMLS,A11141275,N,Y,25.687555,-80.370662
MLS Listing,,Condo/Co-op,6323 SW 116th Pl Unit C,Miami,FL,33173,313000,3,2.0,SNAPPER VILLAGE PHASE I S,1550,,1975,54,202,515,Contingent,,,https://www.redfin.com/FL/Miami/6323-SW-116th-Pl-33173/unit-C/home/43096984,MARMLS,A11141130,N,Y,25.708334,-80.381334
PAST SALE,,Single Family Residential,10465 SW 128th Ter,Miami,FL,33176,1250000,4,3.0,MANGO LANE ESTATES,3325,15000,1980,56,376,67,Pending,,,https://www.redfin.com/FL/Miami/10465-SW-128th-Ter-33176/home/177725386,MARMLS,A11140574,N,Y,25.6500463,-80.3645165
PAST SALE,June-26-2012,Condo/Co-op,10379 N Kendall Dr Unit L2,Miami,FL,33176,170000,1,1.0,KENDALL ACRES CONDO BLDG,765,,1971,56,222,188,Pending,,,https://www.redfin.com/FL/Miami/10379-N-Kendall-Dr-33176/unit-L2/home/43442655,MARMLS,A11140435,N,Y,25.6890162,-80.3613679
MLS Listing,,Single Family Residential,8700 SW 93rd Ct,Miami,FL,33173,1050000,4,2.5,SNAPPER CREEK PARK UNIT N,2284,12650,1966,57,460,,Contingent,,,https://www.redfin.com/FL/Miami/8700-SW-93rd-Ct-33173/home/43100436,MARMLS,A11139777,N,Y,25.6886798,-80.3451136
PAST SALE,,Multi-Family (2-4 Unit),9180-9182 SW 95th Ave,Miami,FL,33176,825000,6,5.0,Cherry Grove Condo 10/5,3346,9971,1971,59,247,,Pending,,,https://www.redfin.com/FL/Miami/9180-SW-95th-Ave-33176/home/43146842,Beaches MLS,RX-10766376,N,Y,25.6842588,-80.3505738
MLS Listing,,Condo/Co-op,10393 N Kendall Dr Unit U6,Miami,FL,33176,250000,2,1.0,KENDALL ACRES CONDO BLDG,891,,1971,62,281,230,Active,,,https://www.redfin.com/FL/Miami/10393-N-Kendall-Dr-33176/unit-U6/home/43092397,MARMLS,A11139381,N,Y,25.6890162,-80.3613679
PAST SALE,June-7-1995,Condo/Co-op,10500 SW 108th Ave Unit B308,Miami,FL,33176,149000,1,1.5,THE TERRACES CONDO PH II,725,,1971,62,206,240,Pending,,,https://www.redfin.com/FL/Miami/10500-SW-108th-Ave-33176/unit-B308/home/43146941,MARMLS,A11139358,N,Y,25.6710664,-80.3701277
MLS Listing,,Single Family Residential,11511 SW 128th St,Miami,FL,33176,775000,4,2.0,PINE SHORE SEC 4,2039,16875,1977,64,380,,Active,,,https://www.redfin.com/FL/Miami/11511-SW-128th-St-33176/home/43163831,MARMLS,A11138465,N,Y,25.6484748,-80.3812403
PAST SALE,November-19-2018,Single Family Residential,9190 SW 82nd Ave,Miami,FL,33156,2100000,5,5.0,3 55 40 .36 AC,5344,15716,1994,64,393,,Pending,,,https://www.redfin.com/FL/Miami/9190-SW-82nd-Ave-33156/home/43147945,MARMLS,A11137688,N,Y,25.6850486,-80.3276216
MLS Listing,,Townhouse,9103 SW 96th Ave,Miami,FL,33176,315000,2,2.5,CHERRY GROVE TOWNHOUSES,1672,,1970,64,188,,Contingent,,,https://www.redfin.com/FL/Miami/9103-SW-96th-Ave-33176/home/43151327,MARMLS,A11138616,N,Y,25.6851446,-80.3499539
PAST SALE,December-1-1986,Townhouse,11352 SW 68 Te,Miami,FL,33173,339900,3,2.0,SNAPPER CREEK TOWNHOUSES,1482,,1972,67,229,150,Pending,,,https://www.redfin.com/FL/Miami/11352-SW-68th-Ter-33173/home/43089388,MARMLS,A11137928,N,Y,25.7038758,-80.376989
MLS Listing,,Townhouse,10449 SW 80th St,Miami,FL,33173,489000,3,2.5,SUNSET PARK,1966,,1973,67,249,205,Contingent,,,https://www.redfin.com/FL/Miami/10449-SW-80th-St-33173/home/43095501,MARMLS,A11134984,N,Y,25.6944085,-80.3621332
PAST SALE,,Condo/Co-op,7275 SW 89th St Unit B216,Miami,FL,33156,299000,2,2.0,DOWNTOWN DADELAND CONDO N,1152,,2006,68,260,708,Pending,,,https://www.redfin.com/FL/Miami/7275-SW-89th-St-33156/unit-B216/home/43359596,MARMLS,A11137617,N,Y,25.6877773,-80.3131844
PAST SALE,February-16-1993,Single Family Residential,10350 SW 125th St,Miami,FL,33176,1220000,4,3.0,MELISSA ESTATES,3366,18423,1983,68,362,,Pending,,,https://www.redfin.com/FL/Miami/10350-SW-125th-St-33176/home/43151784,MARMLS,A11137584,N,Y,25.6528596,-80.3624068
PAST SALE,January-10-2008,Townhouse,7355 SW 90th St Unit TH102,Miami,FL,33156,349999,1,1.5,TOSCANO CONDO,1002,,2007,68,349,719,Pending,,,https://www.redfin.com/FL/Miami/7355-SW-90th-St-33156/unit-TH102/home/45426545,MARMLS,A11137568,N,Y,25.6879265,-80.3145399
PAST SALE,September-30-2020,Condo/Co-op,7275 SW 89th St Unit B521,Miami,FL,33156,509000,2,2.0,DOWNTOWN DADELAND CONDO N,1565,,2006,68,325,978,Pending,,,https://www.redfin.com/FL/Miami/7275-SW-89th-St-33156/unit-B521/home/43364572,MARMLS,A11137526,N,Y,25.6877773,-80.3131844
MLS Listing,,Condo/Co-op,10900 SW 104th St #218,Miami,FL,33176,225000,2,1.0,THE BERKELEY CONDO,850,,1973,68,265,,Active,,,https://www.redfin.com/FL/Miami/10900-SW-104th-St-33176/unit-218/home/43292609,MARMLS,A11137009,N,Y,25.6714877,-80.3716501
MLS Listing,,Single Family Residential,12600 SW 108th Ave,Miami,FL,33176,799999,4,3.0,PINE SHORE SEC 1,1904,15065,1973,71,420,,Contingent,,,https://www.redfin.com/FL/Miami/12600-SW-108th-Ave-33176/home/43160609,MARMLS,A11135584,N,Y,25.651578,-80.369323
PAST SALE,June-4-2012,Condo/Co-op,7270 SW 89th St Unit C515,Miami,FL,33156,425000,2,2.0,DOWNTOWN DADELAND CONDO N,1468,,2007,71,290,996,Pending,,,https://www.redfin.com/FL/Miami/7270-SW-89th-St-33156/unit-C515/home/43459165,MARMLS,A11135602,N,Y,25.6872504,-80.3125628
MLS Listing,,Condo/Co-op,8065 SW 107th Ave #316,Miami,FL,33173,185000,1,1.5,THE HORIZONS CONDO #5,705,,1980,73,262,350,Active,,,https://www.redfin.com/FL/Miami/8065-SW-107th-Ave-33173/unit-316/home/43095170,MARMLS,A11135316,N,Y,25.6930033,-80.364038
PAST SALE,November-26-2003,Townhouse,11781 SW 103rd Ln,Miami,FL,33186,349900,3,2.5,SPRINGFEVER,1344,,1985,73,260,114,Pending,,,https://www.redfin.com/FL/Miami/11781-SW-103rd-Ln-33186/home/43170451,MARMLS,A11135195,N,Y,25.6729133,-80.3857523
MLS Listing,,Single Family Residential,13920 SW 107th Ave,Miami,FL,33176,1395000,4,3.0,MARY ANN ESTATES 1ST ADDN,3010,15000,1987,75,463,,Active,,,https://www.redfin.com/FL/Miami/13920-SW-107th-Ave-33176/home/43155962,MARMLS,A11133766,N,Y,25.6397742,-80.3670394
PAST SALE,January-26-2015,Townhouse,6980 SW 110th Pl,Miami,FL,33173,369900,3,2.0,SNAPPER CREEK TOWNHOUSES,1378,,1974,75,268,146,Pending,,,https://www.redfin.com/FL/Miami/6980-SW-110th-Pl-33173/home/43082190,MARMLS,A11133504,N,Y,25.7041127,-80.3729658
MLS Listing,,Single Family Residential,8921 SW 94th Ter,Miami,FL,33176,2395000,6,5.0,PINEWOOD HOMES,4559,27722,2003,77,525,,Contingent,,,https://www.redfin.com/FL/Miami/8921-SW-94th-Ter-33176/home/43269935,MARMLS,A11131969,N,Y,25.68213,-80.3397619
MLS Listing,,Condo/Co-op,9952 SW 88th St Unit 323-3,Miami,FL,33176,239900,2,2.0,PUERTA DEL SOL CONDO,1050,,1968,78,228,384,Active,,,https://www.redfin.com/FL/Miami/9952-N-Kendall-Dr-33176/unit-323-3/home/43321751,MARMLS,A11132328,N,Y,25.685664,-80.356992
MLS Listing,,Townhouse,10707 SW 113th Pl Unit 100D,Miami,FL,33176,320000,3,2.0,GREENGLADES CONDO 19,1220,,1978,78,262,650,Contingent,,,https://www.redfin.com/FL/Miami/10707-SW-113th-Pl-33176/unit-100D/home/43146398,MARMLS,A11132784,N,Y,25.668537,-80.376962
MLS Listing,,Single Family Residential,13630 SW 97th Ave,Miami,FL,33176,2975000,7,6.5,The Falls,6958,39204,2007,81,428,,Contingent,,,https://www.redfin.com/FL/Miami/13630-SW-97th-Ave-33176/home/43160889,MARMLS,A11131577,N,Y,25.6425362,-80.3506826
PAST SALE,April-24-2019,Townhouse,10907 SW 88th St #422,Miami,FL,33176,225000,2,3.0,CASTLE APTS CONDO,1150,,1970,81,196,,Pending,,,https://www.redfin.com/FL/Miami/10907-SW-88th-St-33176/unit-422/home/43425184,MARMLS,A11132290,N,Y,25.687555,-80.370662
MLS Listing,,Condo/Co-op,8650 SW 109th Ave Unit 3-223,Miami,FL,33173,295000,2,2.0,COURTYARDS AT KENDALL CON,1140,,1965,81,259,387,Active,,,https://www.redfin.com/FL/Miami/8650-SW-109th-Ave-33173/unit-3-223/home/43356087,MARMLS,A11131829,N,Y,25.6881801,-80.3706932
PAST SALE,August-1-1987,Condo/Co-op,10800 SW 88th St Unit O12,Miami,FL,33176,240000,2,2.0,SPANISH TRACE CONDO PH II,955,,1968,82,251,300,Pending,,,https://www.redfin.com/FL/Miami/10800-SW-88th-St-33176/unit-O12/home/43150028,MARMLS,A11131010,N,Y,25.6852539,-80.3675678
PAST SALE,October-28-1987,Single Family Residential,14805 SW 97th Ct,Miami,FL,33176,699900,4,3.0,SHADY LANE,2593,18940,1979,83,270,,Pending,,,https://www.redfin.com/FL/Miami/14805-SW-97th-Ct-33176/home/43424051,MARMLS,A11129999,N,Y,25.6321029,-80.3507696
PAST SALE,August-18-2006,Condo/Co-op,9970 SW 88th St Unit 919-9,Miami,FL,33176,179000,1,1.0,PUERTA DEL SOL CONDO,755,,1968,83,237,276,Pending,,,https://www.redfin.com/FL/Miami/9970-N-Kendall-Dr-33176/unit-919-9/home/43327871,MARMLS,A11131002,N,Y,25.6852959,-80.3570544
PAST SALE,,Single Family Residential,11500 SW 131st St,Miami,FL,33176,650000,3,3.0,PINE SHORE SEC 3,2317,15625,1977,84,281,,Pending,,,https://www.redfin.com/FL/Miami/11500-SW-131-St-33176/home/43159646,MARMLS,A11130682,N,Y,25.6464816,-80.3812186
MLS Listing,,Townhouse,6865 SW 113th Pl,Miami,FL,33173,360000,3,2.0,Snapper Creek Townhouses Sec 2,1378,2099,1972,88,261,145,Contingent,,,https://www.redfin.com/FL/Miami/6865-SW-113th-Pl-33173/home/43090342,Beaches MLS,RX-10761256,N,Y,25.703907,-80.376209
MLS Listing,,Single Family Residential,9402 SW 83rd Ave,Miami,FL,33156,2500000,6,5.5,BAPTIST MANORS,4069,14223,2014,90,614,,Contingent,,,https://www.redfin.com/FL/Miami/9402-SW-83rd-Ave-33156/home/45426316,MARMLS,A11128529,N,Y,25.682544,-80.3296011
PAST SALE,,Condo/Co-op,6646 SW 115th Ct #113,Miami,FL,33173,265000,2,2.0,THE VILLAS AT SNAPPER VILL,1042,,2005,91,254,301,Pending,,,https://www.redfin.com/FL/Miami/6646-SW-115th-Ct-33173/unit-113/home/43348142,MARMLS,A11128335,N,Y,25.7052267,-80.3795876
PAST SALE,,Condo/Co-op,7290 SW 90th St Unit F202,Miami,FL,33156,248000,1,1.0,Downtown Dadeland,768,,2008,92,323,520,Pending,,,https://www.redfin.com/FL/Miami/7290-SW-90th-St-33156/unit-F202/home/177299285,Beaches MLS,F10309144,N,Y,25.6872324,-80.3159282
PAST SALE,January-10-2022,Townhouse,10211 SW 77th Ct,Miami,FL,33156,300000,2,1.5,DADELAND COVE SEC 2,970,,1989,96,309,,Pending,,,https://www.redfin.com/FL/Miami/10211-SW-77th-Ct-33156/home/43147483,MARMLS,A11125843,N,Y,25.675578,-80.320418
PAST SALE,May-16-2011,Condo/Co-op,13020 SW 92nd Ave Unit A203,Miami,FL,33176,270000,2,2.0,BRIARWINDS CONDO PH II,1120,,1980,96,241,342,Pending,,,https://www.redfin.com/FL/Miami/13020-SW-92nd-Ave-33176/unit-A203/home/43151259,MARMLS,A11125888,N,Y,25.648513,-80.344691
PAST SALE,December-22-2016,Condo/Co-op,6704 SW 114th Pl Unit B,Miami,FL,33173,295000,2,2.0,SNAPPER VILLAGE PHASE II,1330,,1978,97,222,523,Pending,,,https://www.redfin.com/FL/Miami/6704-SW-114th-Pl-33173/unit-B/home/43087789,MARMLS,A11126597,N,Y,25.705062,-80.37838
PAST SALE,April-1-1984,Single Family Residential,,Miami,FL,33176,550000,3,2.0,,1554,17875,1959,97,354,,Pending,,,https://www.redfin.com/FL/Miami/Undisclosed-address-33176/home/43161703,MARMLS,A11126145,N,Y,25.6356679,-80.3524011
MLS Listing,,Condo/Co-op,10400 SW 108th Ave Unit A410,Miami,FL,33176,225000,2,1.5,THE TERRACES CONDO PH II,930,,1971,98,242,308,Contingent,,,https://www.redfin.com/FL/Miami/10400-SW-108th-Ave-33176/unit-A410/home/43154746,MARMLS,A11124900,N,Y,25.671407,-80.3704322
MLS Listing,,Condo/Co-op,8600 SW 109th Ave Unit 4-203,Miami,FL,33173,229999,2,2.0,COURTYARDS AT KENDALL CON,901,,1969,98,255,,Contingent,,,https://www.redfin.com/FL/Miami/8600-SW-109th-Ave-33173/unit-4-203/home/43338538,MARMLS,A11125443,N,Y,25.6885463,-80.3706932
MLS Listing,,Townhouse,7351 SW 90th St Unit TH101S,Miami,FL,33156,649900,4,3.0,TOSCANO CONDO,2509,,2007,99,259,1262,Active,,,https://www.redfin.com/FL/Miami/7351-SW-90th-St-33156/unit-TH101S/home/43382296,MARMLS,A11125502,N,Y,25.6879265,-80.3145399
MLS Listing,,Single Family Residential,14064 SW 104th Ct,Miami,FL,33176,815000,4,3.0,MARY ANN ESTATES 1ST ADDN,3605,27677,1981,99,226,,Active,,,https://www.redfin.com/FL/Miami/14064-SW-104th-Ct-33176/home/43164935,MARMLS,A11125344,N,Y,25.6380229,-80.3637553
MLS Listing,,Single Family Residential,7840 SW 94th St,Miami,FL,33156,950000,3,3.0,KENDAL RANCHES,2333,16956,1971,99,407,,Contingent,,,https://www.redfin.com/FL/Miami/7840-SW-94th-St-33156/home/43145903,MARMLS,A11122728,N,Y,25.682741,-80.3222464
PAST SALE,May-1-2019,Condo/Co-op,9972 N Kendall Dr #1131,Miami,FL,33176,255000,2,2.0,PUERTA DEL SOL CONDO,1050,,1968,101,243,384,Pending,,,https://www.redfin.com/FL/Miami/9972-N-Kendall-Dr-33176/unit-1131/home/43325857,MARMLS,A11124663,N,Y,25.685664,-80.356992
MLS Listing,,Single Family Residential,9484 SW 123rd Ter,Miami,FL,33176,2200000,5,4.5,OAK RIDGE FALLS THIRD ADD,3787,21100,2017,102,581,380,Contingent,,,https://www.redfin.com/FL/Miami/9484-SW-123rd-Ter-33176/home/49873486,MARMLS,A11123466,N,Y,25.6547503,-80.3481833
MLS Listing,,Condo/Co-op,7290 SW 90th St #210,Miami,FL,33156,219000,0,1.0,DOWNTOWN DADELAND CONDO N,430,,2008,103,509,294,Active,,,https://www.redfin.com/FL/Miami/7290-SW-90th-St-33156/unit-210/home/43412047,MARMLS,A11121777,N,Y,25.6872324,-80.3159282
MLS Listing,,Single Family Residential,11990 SW 94th Ave,Miami,FL,33176,2995000,4,4.5,FLEETWOOD ESTS,,31799,2020,105,,,Contingent,,,https://www.redfin.com/FL/Miami/11990-SW-94th-Ave-33176/home/43155718,MARMLS,A11123135,N,Y,25.6587757,-80.347028
PAST SALE,March-30-1993,Single Family Residential,9245 SW 90th St,Miami,FL,33176,919000,6,4.0,CHERRY GROVE PART 1,3285,15000,1971,106,280,,Pending,,,https://www.redfin.com/FL/Miami/9245-SW-90th-St-33176/home/43140276,MARMLS,A11122443,N,Y,25.6860989,-80.3448525
PAST SALE,June-1-1977,Single Family Residential,11005 SW 129th St,Miami,FL,33176,725000,4,3.0,Pine Shore Sec Two,2104,18750,1973,106,345,,Pending,,,https://www.redfin.com/FL/Miami/11005-SW-129th-St-33176/home/43159044,Beaches MLS,RX-10757465,N,Y,25.649163,-80.3733029
MLS Listing,,Condo/Co-op,9066 SW 73 Ct #1806,Miami,FL,33156,475000,2,2.0,Metropolis II,1350,,2006,106,352,319,Contingent,,,https://www.redfin.com/FL/Miami/9066-SW-73rd-Ct-33156/unit-1806/home/43365051,MARMLS,A11121226,N,Y,25.6865856,-80.3145953
MLS Listing,,Single Family Residential,8102 SW 103 St,Miami,FL,33156,970000,3,2.0,New Continental Sec 1,2185,17272,1971,108,444,,Contingent,,,https://www.redfin.com/FL/Miami/8102-SW-103rd-St-33156/home/43148703,Beaches MLS,RX-10757222,N,Y,25.6744758,-80.3259891
MLS Listing,,Single Family Residential,9400 SW 116th St,Miami,FL,33176,4298000,6,6.5,HAWLEY HEIGHTS,5179,36852,2006,109,830,,Active,,,https://www.redfin.com/FL/Miami/9400-SW-116th-St-33176/home/43154237,MARMLS,A11121151,N,Y,25.6617857,-80.346854
PAST SALE,,Townhouse,6606 SW 115 Ct Unit H,Miami,FL,33173,309900,3,2.5,SNAPPER VILLAGE PHASE II,1500,,1978,110,207,515,Pending,,,https://www.redfin.com/FL/Miami/6606-SW-115th-Ct-33173/unit-H/home/177075755,MARMLS,A11117707,N,Y,25.7061522,-80.3793919
MLS Listing,,Single Family Residential,9425 SW 95th Ct,Miami,FL,33176,1999000,4,3.0,NUTMEG ESTATES,2237,39160,1953,110,894,,Active,,,https://www.redfin.com/FL/Miami/9425-SW-95th-Ct-33176/home/43148203,MARMLS,A11120964,N,Y,25.6814056,-80.3496602
MLS Listing,,Townhouse,11527 SW 64th St Unit D-82,Miami,FL,33173,420000,3,2.0,SNAPPER VILLAGE PHASE 2 S,1340,,1977,117,313,523,Active,,,https://www.redfin.com/FL/Miami/11527-SW-64th-St-33173/unit-D-82/home/43094432,MARMLS,A11118074,N,Y,25.7081779,-80.3795659
MLS Listing,,Single Family Residential,10670 SW 87th Ave,Miami,FL,33176,1450000,4,3.0,,3129,19166,1976,117,463,,Active,,,https://www.redfin.com/FL/Miami/10670-SW-87th-Ave-33176/home/43159507,MARMLS,A11117693,N,Y,25.6710026,-80.3353669
MLS Listing,,Condo/Co-op,7917 SW 104th St Unit F103,Miami,FL,33156,295000,2,1.0,VENETIAN PALMS CONDO,1020,,1971,118,289,559,Active,,,https://www.redfin.com/FL/Miami/7917-SW-104th-St-33156/unit-F103/home/43327473,MARMLS,A11117352,N,Y,25.674772,-80.324025
PAST SALE,April-1-1986,Single Family Residential,11323 SW 74th Ter,Miami,FL,33173,669000,3,3.0,CHESTNUT RANCH PATIO HOME,2731,8897,1988,120,245,56,Pending,,,https://www.redfin.com/FL/Miami/11323-SW-74th-Ter-33173/home/43423190,MARMLS,A11114877,N,Y,25.698867,-80.376576
MLS Listing,,Condo/Co-op,6666 SW 115th Ct #405,Miami,FL,33173,299000,2,2.5,SEC 48 ATRIUMS AT SNAPPER,1350,,1981,123,221,540,Active,,,https://www.redfin.com/FL/Miami/6666-SW-115th-Ct-33173/unit-405/home/43095112,MARMLS,A11115533,N,Y,25.705809,-80.3797399
MLS Listing,,Condo/Co-op,11297 SW 88th St Unit 216M,Miami,FL,33176,197000,1,1.0,PINE GROVE CONDO,736,,1969,123,268,244,Active,,,https://www.redfin.com/FL/Miami/11297-N-Kendall-Dr-33176/unit-M216/home/43094531,MARMLS,A11115303,N,Y,25.6882899,-80.3751513
MLS Listing,,Single Family Residential,9530 SW 95th Ct,Miami,FL,33176,1189000,5,3.0,NUTMEG ESTATES,2771,30884,1954,123,429,,Contingent,,,https://www.redfin.com/FL/Miami/9530-SW-95th-Ct-33176/home/43147738,MARMLS,A11115138,N,Y,25.6805062,-80.3502475
PAST SALE,September-29-2017,Condo/Co-op,6221 SW 116th Pl Unit D,Miami,FL,33173,318900,3,2.5,SNAPPER VILLAGE PHASE I S,1340,,1975,123,238,515,Pending,,,https://www.redfin.com/FL/Miami/6221-SW-116th-Pl-33173/unit-D/home/43096003,MARMLS,A11115315,N,Y,25.7091287,-80.3814795
PAST SALE,November-23-2020,Single Family Residential,14200 SW 97th Ave,Miami,FL,33176,749000,4,2.0,PINE MEADOWS SEC 4,1884,15536,1970,126,398,,Pending,,,https://www.redfin.com/FL/Miami/14200-SW-97th-Ave-33176/home/43165221,MARMLS,A11113339,N,Y,25.6386515,-80.3504433
MLS Listing,,Single Family Residential,10500 SW 87th Ct,Miami,FL,33176,1995000,5,3.5,Galloway Glen,4396,41818,1982,127,454,,Active,,,https://www.redfin.com/FL/Miami/10500-SW-87th-Ct-33176/home/43150897,MARMLS,A11110087,N,Y,25.6718902,-80.3363243
MLS Listing,,Single Family Residential,11801 SW 95th Ave,Miami,FL,33176,3199000,5,5.0,Montgomery Estates,4315,32603,2021,127,741,250,Active,,,https://www.redfin.com/FL/Miami/11801-SW-95th-Ave-33176/home/96096708,MARMLS,A11097992,N,Y,25.659823,-80.348609
MLS Listing,,Multi-Family (2-4 Unit),147XX SW 117 Ave,Miami,FL,33176,249990,,,RICHMOND HEIGHTS ESTATES,,9850,,131,,,Active,,,https://www.redfin.com/FL/MIAMI/112-SW-117TH-AVE-33176/home/168191372,MARMLS,A11111975,N,Y,25.663319,-80.382118
PAST SALE,November-26-2008,Condo/Co-op,10802 SW 88th St Unit P2,Miami,FL,33176,245000,2,2.0,SPANISH TRACE CONDO,955,,1968,133,257,,Pending,,,https://www.redfin.com/FL/Miami/10802-SW-88th-St-33176/unit-P2/home/43154000,MARMLS,A11110432,N,Y,25.6861548,-80.3688011
PAST SALE,May-29-1998,Condo/Co-op,10641 SW 108th Ave Unit 1B,Miami,FL,33176,269900,3,2.0,THE PRADO CONDO,1228,,1975,134,220,360,Pending,,,https://www.redfin.com/FL/Miami/10641-SW-108th-Ave-33176/unit-1B/home/43152407,MARMLS,A11110060,N,Y,25.6700078,-80.3693817
MLS Listing,,Single Family Residential,11865 SW 112th Ave Cir,Miami,FL,33176,1198000,4,3.5,MONTGOMERY MANORS,2817,16624,1989,135,425,,Active,,,https://www.redfin.com/FL/Miami/11865-SW-112th-Ave-Cir-33176/home/43425205,MARMLS,A11109741,N,Y,25.657789,-80.3763475
PAST SALE,August-1-1988,Condo/Co-op,9490 SW 77th Ave Unit N1,Miami,FL,33156,180000,1,1.0,KINGSTON SQUARE CONDO,875,,1967,139,206,,Pending,,,https://www.redfin.com/FL/Miami/9490-SW-77th-Ave-33156/unit-N1/home/43145880,MARMLS,A11106748,N,Y,25.683947,-80.320317
PAST SALE,January-6-2022,Condo/Co-op,7355 SW 89th St Unit 524N,Miami,FL,33156,269000,1,1.0,TOSCANO CONDO,759,,2007,141,354,510,Pending,,,https://www.redfin.com/FL/Kendall/7355-SW-89th-St-33156/unit-524N/home/43381995,MARMLS,A11104862,N,Y,25.68794,-80.314616
PAST SALE,August-11-2014,Condo/Co-op,8650 SW 109th Ave Unit 3-118,Miami,FL,33173,235000,2,2.0,COURTYARDS AT KENDALL CON,945,,1969,144,249,321,Pending,,,https://www.redfin.com/FL/Miami/8650-SW-109th-Ave-33173/unit-3-118/home/43347609,MARMLS,A11105911,N,Y,25.6881801,-80.3706932
MLS Listing,,Condo/Co-op,8401 SW 107th Ave Unit 175E,Miami,FL,33173,220000,1,1.5,KENDALL ACRES WEST CONDO,1067,,1974,146,206,289,Contingent,,,https://www.redfin.com/FL/Miami/8401-SW-107th-Ave-33173/unit-175E/home/43095120,MARMLS,A11101581,N,Y,25.689746,-80.36384
MLS Listing,,Condo/Co-op,8500 SW 109th Ave Unit 6-210,Miami,FL,33173,179000,1,1.5,COURTYARDS AT KENDALL CON,801,,1969,147,223,272,Active,,,https://www.redfin.com/FL/Miami/8500-SW-109th-Ave-33173/unit-6-210/home/43350686,MARMLS,A11103638,N,Y,25.6896309,-80.3711716
PAST SALE,May-20-2010,Condo/Co-op,8500 SW 109th Ave Unit 6-202,Miami,FL,33173,255000,2,2.5,COURTYARDS AT KENDALL CON,1140,,1969,148,224,386,Pending,,,https://www.redfin.com/FL/Miami/8500-SW-109th-Ave-33173/unit-6-202/home/43358171,MARMLS,A11103672,N,Y,25.6896309,-80.3711716
PAST SALE,August-4-2003,Single Family Residential,8620 SW 85th Ave,Miami,FL,33143,550000,3,2.0,KENDALL POINT 1ST ADDN,1825,11025,1966,153,301,,Pending,,,https://www.redfin.com/FL/Miami/8620-SW-85th-Ave-33143/home/43092238,MARMLS,A11101957,N,Y,25.6894364,-80.3317117
PAST SALE,March-22-2021,Single Family Residential,11955 SW 95 Ave,Miami,FL,33176,2675000,5,4.5,Montgomery Estates,3956,37026,2020,153,676,250,Pending,,,https://www.redfin.com/FL/Miami/11955-SW-95th-Ave-33176/home/173252904,MARMLS,A11101848,N,Y,25.6582938,-80.348815
MLS Listing,,Condo/Co-op,10770 N Kendall Dr Unit H4,Miami,FL,33176,229000,2,2.0,SPANISH TRACE CONDO PH 2,920,,1968,157,249,300,Active,,,https://www.redfin.com/FL/Miami/10770-N-Kendall-Dr-33176/unit-H4/home/43151110,MARMLS,A11099251,N,Y,25.6852539,-80.3675678
MLS Listing,,Condo/Co-op,9055 SW 73rd Ct #303,Pinecrest,FL,33156,265000,1,1.0,METROPOLIS I AT DADELAND,890,,2006,160,298,486,Contingent,,,https://www.redfin.com/FL/Miami/9055-SW-73rd-Ct-33156/unit-303/home/43365214,MARMLS,A11097680,N,Y,25.6866095,-80.3142164
MLS Listing,,Single Family Residential,9815 SW 114th St,Miami,FL,33176,2500000,6,6.0,KILLIAN DRIVE ESTATES,6045,40424,2006,161,414,,Active,,,https://www.redfin.com/FL/Miami/9815-SW-114th-St-33176/home/43155615,MARMLS,A11085736,N,Y,25.6639586,-80.35338
MLS Listing,,Single Family Residential,10100 SW 92nd Ave,Miami,FL,33176,4000000,5,4.5,GALLOWAY GLEN,4451,40075,1997,165,899,142,Active,,,https://www.redfin.com/FL/Miami/10100-SW-92nd-Ave-33176/home/43153011,MARMLS,A11096547,N,Y,25.6762273,-80.3437213
MLS Listing,,Condo/Co-op,13100 SW 92nd Ave Unit A-312,Miami,FL,33176,298880,2,2.0,VILLAGE AT THE FALLS COND,1253,,1974,173,239,484,Active,,,https://www.redfin.com/FL/Miami/13100-SW-92nd-Ave-33176/unit-A-312/home/43355241,MARMLS,A11090237,N,Y,25.647563,-80.34477
MLS Listing,,Townhouse,8214 SW 103rd Ave #8214,Miami,FL,33173,330000,2,2.5,SUNSET PARK TOWN HOUSES,1205,,1969,173,274,145,Contingent,,,https://www.redfin.com/FL/Miami/8214-SW-103rd-Ave-33173/unit-8214/home/176299881,MARMLS,A11093481,N,Y,25.6923083,-80.3606341
PAST SALE,,Townhouse,7375 SW 90th St Unit TH107,Miami,FL,33156,380000,1,1.5,TOSCANO CONDO,1308,,2007,175,291,880,Pending,,,https://www.redfin.com/FL/Miami/7375-SW-90th-St-33156/unit-TH107/home/45427732,MARMLS,A11091910,N,Y,25.6879265,-80.3145399
PAST SALE,October-4-2019,Condo/Co-op,9143 SW 77th Ave Unit B207,Miami,FL,33156,179900,1,1.0,DADELAND PLACE CONDO,699,,1971,179,257,27,Pending,,,https://www.redfin.com/FL/Miami/9143-SW-77th-Ave-33156/unit-B207/home/43365044,MARMLS,A11089443,N,Y,25.6858598,-80.3178724
MLS Listing,,Condo/Co-op,7355 SW 89th St Unit 423N,Miami,FL,33156,350000,2,2.0,TOSCANO CONDO,1183,,2007,183,296,796,Contingent,,,https://www.redfin.com/FL/Kendall/7355-SW-89th-St-33156/unit-423N/home/43377105,MARMLS,A11088310,N,Y,25.68794,-80.314616
PAST SALE,September-6-2013,Condo/Co-op,9974 N Kendall Dr #1001,Miami,FL,33176,239000,2,2.0,PUERTA DEL SOL CONDO,1050,,1968,183,228,384,Pending,,,https://www.redfin.com/FL/Miami/9974-N-Kendall-Dr-33176/unit-1001/home/43314352,MARMLS,A11088646,N,Y,25.6847317,-80.3569118
PAST SALE,,Condo/Co-op,7290 SW 90th St #308,Miami,FL,33156,239000,1,1.0,DOWNTOWN DADELAND CONDO N,691,,2008,188,346,309,Pending,,,https://www.redfin.com/FL/Miami/7290-SW-90th-St-33156/unit-308/home/43412049,MARMLS,A11086497,N,Y,25.6872324,-80.3159282
PAST SALE,,Condo/Co-op,9066 SW 73rd Ct #1907,Miami,FL,33156,399999,2,2.0,METROPOLIS II AT DADELAND,1150,,2006,189,348,549,Pending,,,https://www.redfin.com/FL/Miami/9066-SW-73rd-Ct-33156/unit-1907/home/43372044,MARMLS,A11086169,N,Y,25.686541,-80.3145938
PAST SALE,,Condo/Co-op,9066 SW 73rd Ct #1909,Pinecrest,FL,33156,380000,2,2.0,METROPOLIS II AT DADELAND,1467,,2006,190,259,1300,Pending,,,https://www.redfin.com/FL/Miami/9066-SW-73rd-Ct-33156/unit-1909/home/43364514,MARMLS,A11080003,N,Y,25.686541,-80.3145938
PAST SALE,May-21-2003,Townhouse,11455 SW 109th Rd Unit 3C,Miami,FL,33176,320000,2,1.5,GREENGLADES CONDO 1,1100,,1975,198,291,340,Pending,,,https://www.redfin.com/FL/Miami/11455-SW-109th-Rd-33176/unit-3C/home/43154065,MARMLS,A11081909,N,Y,25.6691043,-80.3807728
PAST SALE,,Condo/Co-op,8601 SW 94th St Unit 214W,Miami,FL,33156,265000,3,2.0,GALLOWOOD CONDO,1054,,1968,206,251,574,Pending,,,https://www.redfin.com/FL/Miami/8601-SW-94th-St-33156/unit-214W/home/43371900,MARMLS,A11078253,N,Y,25.6830416,-80.3346707
MLS Listing,,Condo/Co-op,10801 SW 109th Ct Unit D3,Miami,FL,33176,25000,0,,THE TERRACES CONDO PH II,2744280,,1971,206,0,50,Active,,,https://www.redfin.com/FL/Miami/10801-SW-109th-Ct-33176/unit-D3/home/43146900,MARMLS,A11076674,N,Y,25.6699996,-80.3713021
MLS Listing,,Condo/Co-op,9974 N Kendall Dr #1015,Miami,FL,33176,255000,2,1.0,PUERTA DEL SOL CONDO,930,,1968,207,274,345,Active,,,https://www.redfin.com/FL/Miami/9974-N-Kendall-Dr-33176/unit-1015/home/43321398,MARMLS,A11070334,N,Y,25.6847317,-80.3569118
MLS Listing,,Condo/Co-op,9055 SW 73rd Ct #1706,Pinecrest,FL,33156,409900,3,2.0,METROPOLIS I AT DADELAND,1350,,2006,208,304,700,Contingent,,,https://www.redfin.com/FL/Miami/9055-SW-73rd-Ct-33156/unit-1706/home/43366145,MARMLS,A11074742,N,Y,25.6866095,-80.3142164
MLS Listing,,Vacant Land,0 SW 94th Ct,Miami,FL,33176,650000,,,Miami,,18786,,216,,,Active,,,https://www.redfin.com/FL/Miami/0-SW-94th-CT-33176/home/175772457,MARMLS,A11074174,N,Y,25.6624457,-80.3547286
PAST SALE,,Condo/Co-op,7275 SW 90 Way Unit G303,Miami,FL,33156,272000,1,2.0,Downtown Dadeland,1091,,2008,228,249,683,Pending,,,https://www.redfin.com/FL/Miami/7275-SW-90th-Way-33156/unit-G303/home/175625554,Beaches MLS,F10292389,N,Y,25.686061,-80.3129895
MLS Listing,,Single Family Residential,9355 SW 94,Miami,FL,33176,2399000,5,4.0,TALL TIMBERS ESTATES,,21198,2022,239,,,Active,,,https://www.redfin.com/FL/Miami/9355-SW-94th-St-33176/home/175571312,MARMLS,A11063181,N,Y,25.6823024,-80.3473525
PAST SALE,January-15-1992,Condo/Co-op,8035 SW 107th Ave #224,Miami,FL,33173,180000,2,2.0,THE HORIZONS CONDO #1,965,,1980,249,187,,Pending,,,https://www.redfin.com/FL/Miami/8035-SW-107th-Ave-33173/unit-224/home/43099488,MARMLS,A11058508,N,Y,25.6929902,-80.3616763
PAST SALE,December-1-1981,Townhouse,7030 SW 112th Ct,Miami,FL,33173,350000,2,1.5,SNAPPER CREEK TOWNHOUSES,1573,,1977,257,223,146,Pending,,,https://www.redfin.com/FL/Miami/7030-SW-112th-Ct-33173/home/43088697,MARMLS,A11055440,N,Y,25.702246,-80.374673
PAST SALE,October-19-2006,Single Family Residential,7805 SW 119th Rd,Miami,FL,33183,350000,3,2.0,HIDDEN GARDENS,1796,18476,1987,258,195,,Pending,,,https://www.redfin.com/FL/Miami/7805-SW-119th-Rd-33183/home/43149665,MARMLS,A11054748,N,Y,25.6958532,-80.3852848
PAST SALE,November-22-2017,Single Family Residential,11025 SW 88th Ct,Miami,FL,33176,3499999,6,5.5,MATAGAR ACRES,6522,34529,2017,263,537,,Pending,,,https://www.redfin.com/FL/Miami/11025-SW-88th-Ct-33176/home/110061230,MARMLS,A11052263,N,Y,25.6676229,-80.337902
MLS Listing,,Single Family Residential,9840 SW 104th St,Miami,FL,33176,800000,,,0,,69260,,295,,,Contingent,,,https://www.redfin.com/FL/Miami/9840-SW-104th-St-33176/home/45432815,MARMLS,A11036384,N,Y,25.67184,-80.354521
PAST SALE,March-16-2021,Single Family Residential,9345 SW 128th St,Miami,FL,33176,1579000,5,5.0,The Cove at Briar Bay,3508,16278,2021,301,450,250,Pending,,,https://www.redfin.com/FL/Miami/9345-SW-128th-St-33176/home/43157296,MARMLS,A11033726,N,Y,25.6513536,-80.3452224
PAST SALE,October-5-2007,Condo/Co-op,8601 SW 94th St Unit 125W,Miami,FL,33156,233000,3,2.0,GALLOWOOD CONDO,1054,,1968,311,221,408,Pending,,,https://www.redfin.com/FL/Miami/8601-SW-94th-St-33156/unit-125W/home/43377442,MARMLS,A11029310,N,Y,25.6830416,-80.3346707
MLS Listing,,Condo/Co-op,8415 SW 107th Ave Unit 261W,Miami,FL,33173,245000,2,2.0,KENDALL ACRES WEST CONDO,985,,1981,351,249,,Active,,,https://www.redfin.com/FL/Miami/8415-SW-107th-Ave-33173/unit-261W/home/43096232,MARMLS,A10999669,N,Y,25.6897415,-80.3637924
PAST SALE,May-12-2021,Condo/Co-op,7755 SW 86th St Unit C-302,Miami,FL,33143,245000,2,2.0,31,1200,,1969,364,204,465,Pending,,,https://www.redfin.com/FL/Miami/7755-SW-86th-St-33143/unit-C-302/home/43092211,MARMLS,A11003591,N,Y,25.6916032,-80.3194591
PAST SALE,May-17-2021,Single Family Residential,11360 SW 74 St,Miami,FL,33173,439900,4,2.5,SUNSET MANSIONS,2099,3773,1988,367,210,53,Pending,,,https://www.redfin.com/FL/Miami/11360-SW-74th-St-33173/home/43093298,MARMLS,A11002224,N,Y,25.6989049,-80.3760648
MLS Listing,,Condo/Co-op,7350 SW 89th St Unit 306S,Miami,FL,33156,488000,3,2.0,TOSCANO CONDO,1393,,2007,374,350,905,Active,,,https://www.redfin.com/FL/Miami/7350-SW-89th-St-33156/unit-306S/home/43381463,MARMLS,A10998626,N,Y,25.687519,-80.314608
PAST SALE,,Condo/Co-op,7275 SW 90 Way Unit G207,Miami,FL,33156,279000,1,2.0,Downtown Dadeland,1120,,2008,397,249,699,Pending,,,https://www.redfin.com/FL/Miami/7275-SW-90th-Way-33156/unit-G207/home/174246273,Beaches MLS,F10267744,N,Y,25.686061,-80.3129895
PAST SALE,August-18-2005,Single Family Residential,9271 SW 150th St,Miami,FL,33176,400000,4,2.0,Slachter,1909,16048,1974,419,210,,Pending,,,https://www.redfin.com/FL/Miami/9271-SW-150th-St-33176/home/43165108,Beaches MLS,F10264457,N,Y,25.6309354,-80.3431774
PAST SALE,June-1-2021,Condo/Co-op,10852 SW 88th St #415,Miami,FL,33176,220000,2,2.0,KENDALL GATE CONDO,1242,,1974,434,177,375,Pending,,,https://www.redfin.com/FL/Miami/10852-N-Kendall-Dr-33176/unit-415/home/43152782,MARMLS,A10972035,N,Y,25.6852687,-80.3696602
MLS Listing,,Vacant Land,131xx SW 103 Ave,Miami,FL,33176,699900,,,falls area,,16054,,546,,,Active,,,https://www.redfin.com/FL/Miami/131xx-SW-103rd-Ave-33176/home/173841527,MARMLS,A10916608,N,Y,25.6703666,-80.3613437
PAST SALE,,Condo/Co-op,7275 SW 90 Way Unit G210,Miami,FL,33156,289000,2,2.0,Downtown Dadeland,1094,,2008,574,264,699,Pending,,,https://www.redfin.com/FL/Miami/7275-SW-90th-Way-33156/unit-G210/home/144817733,Beaches MLS,F10241306,N,Y,25.6860504,-80.3130089
MLS Listing,,Condo/Co-op,10975 SW 107th St #106,Miami,FL,33176,399000,2,2.0,THE GARDENS OF KENDALL CO,936,,1979,591,426,299,Active,,,https://www.redfin.com/FL/Miami/10975-SW-107th-St-33176/unit-106/home/43147057,MARMLS,A10891066,N,Y,25.6702237,-80.3733029
PAST SALE,March-10-2016,Condo/Co-op,7280 SW 90th St #301,Miami,FL,33156,291000,2,2.0,DOWNTOWN DADELAND CONDO N,1000,,2008,649,291,665,Pending,,,https://www.redfin.com/FL/Miami/7280-SW-90th-St-33156/unit-301/home/42680045,MARMLS,A10856729,N,Y,25.6867585,-80.3125676
For-Sale-by-Owner Listing,,Condo/Co-op,9225 SW 87th Ave Apt A12,Miami,FL,33176,239000,2,2.0,Miami,1010,,1972,273,237,,Active,,,https://www.redfin.com/FL/Miami/9225-SW-87th-Ave-33176/unit-A12/home/43141644,Fizber.com,11438974,N,Y,25.6841453,-80.3352289
